ts,event,symbol,detail
1755209489316,ERROR,-,'BinanceExchange' object has no attribute 'market_summary_for'
1755209489336,ERROR,-,'BinanceExchange' object has no attribute 'market_summary_for'
1755209490122,ERROR,-,'BinanceExchange' object has no attribute 'market_summary_for'
1755209490122,ERROR,-,'BinanceExchange' object has no attribute 'market_summary_for'
1755209490923,ERROR,-,'BinanceExchange' object has no attribute 'market_summary_for'
1755209490923,ERROR,-,'BinanceExchange' object has no attribute 'market_summary_for'
1755209491723,ERROR,-,'BinanceExchange' object has no attribute 'market_summary_for'
1755209491723,ERROR,-,'BinanceExchange' object has no attribute 'market_summary_for'
1755209492522,ERROR,-,'BinanceExchange' object has no attribute 'market_summary_for'
1755209492523,ERROR,-,'BinanceExchange' object has no attribute 'market_summary_for'
1755209493325,ERROR,-,'BinanceExchange' object has no attribute 'market_summary_for'
1755209493325,ERROR,-,'BinanceExchange' object has no attribute 'market_summary_for'
1755209494124,ERROR,-,'BinanceExchange' object has no attribute 'market_summary_for'
1755209494126,ERROR,-,'BinanceExchange' object has no attribute 'market_summary_for'
1755209494924,ERROR,-,'BinanceExchange' object has no attribute 'market_summary_for'
1755209494924,ERROR,-,'BinanceExchange' object has no attribute 'market_summary_for'
1755209495726,ERROR,-,'BinanceExchange' object has no attribute 'market_summary_for'
1755209495726,ERROR,-,'BinanceExchange' object has no attribute 'market_summary_for'
1755209496527,ERROR,-,'BinanceExchange' object has no attribute 'market_summary_for'
1755209496527,ERROR,-,'BinanceExchange' object has no attribute 'market_summary_for'
1755209497324,ERROR,-,'BinanceExchange' object has no attribute 'market_summary_for'
1755209497326,ERROR,-,'BinanceExchange' object has no attribute 'market_summary_for'
1755209498125,ERROR,-,'BinanceExchange' object has no attribute 'market_summary_for'
1755209498129,ERROR,-,'BinanceExchange' object has no attribute 'market_summary_for'
1755209498925,ERROR,-,'BinanceExchange' object has no attribute 'market_summary_for'
1755209498929,ERROR,-,'BinanceExchange' object has no attribute 'market_summary_for'
1755209499729,ERROR,-,'BinanceExchange' object has no attribute 'market_summary_for'
1755209499729,ERROR,-,'BinanceExchange' object has no attribute 'market_summary_for'
1755209500532,ERROR,-,'BinanceExchange' object has no attribute 'market_summary_for'
1755209500534,ERROR,-,'BinanceExchange' object has no attribute 'market_summary_for'
1755209501334,ERROR,-,'BinanceExchange' object has no attribute 'market_summary_for'
1755209501334,ERROR,-,'BinanceExchange' object has no attribute 'market_summary_for'
1755209502134,ERROR,-,'BinanceExchange' object has no attribute 'market_summary_for'
1755209502134,ERROR,-,'BinanceExchange' object has no attribute 'market_summary_for'
1755209502932,ERROR,-,'BinanceExchange' object has no attribute 'market_summary_for'
1755209502934,ERROR,-,'BinanceExchange' object has no attribute 'market_summary_for'
1755209503736,ERROR,-,'BinanceExchange' object has no attribute 'market_summary_for'
1755209503736,ERROR,-,'BinanceExchange' object has no attribute 'market_summary_for'
1755209504536,ERROR,-,'BinanceExchange' object has no attribute 'market_summary_for'
1755209504536,ERROR,-,'BinanceExchange' object has no attribute 'market_summary_for'
1755209505339,ERROR,-,'BinanceExchange' object has no attribute 'market_summary_for'
1755209505339,ERROR,-,'BinanceExchange' object has no attribute 'market_summary_for'
1755209506138,ERROR,-,'BinanceExchange' object has no attribute 'market_summary_for'
1755209506138,ERROR,-,'BinanceExchange' object has no attribute 'market_summary_for'
1755209506937,ERROR,-,'BinanceExchange' object has no attribute 'market_summary_for'
1755209506942,ERROR,-,'BinanceExchange' object has no attribute 'market_summary_for'
1755209507738,ERROR,-,'BinanceExchange' object has no attribute 'market_summary_for'
1755209507741,ERROR,-,'BinanceExchange' object has no attribute 'market_summary_for'
1755209508542,ERROR,-,'BinanceExchange' object has no attribute 'market_summary_for'
1755209508542,ERROR,-,'BinanceExchange' object has no attribute 'market_summary_for'
1755209509351,ERROR,-,'BinanceExchange' object has no attribute 'market_summary_for'
1755209509351,ERROR,-,'BinanceExchange' object has no attribute 'market_summary_for'
1755209510138,ERROR,-,'BinanceExchange' object has no attribute 'market_summary_for'
1755209510140,ERROR,-,'BinanceExchange' object has no attribute 'market_summary_for'
1755209510940,ERROR,-,'BinanceExchange' object has no attribute 'market_summary_for'
1755209510943,ERROR,-,'BinanceExchange' object has no attribute 'market_summary_for'
1755209511755,ERROR,-,'BinanceExchange' object has no attribute 'market_summary_for'
1755209511755,ERROR,-,'BinanceExchange' object has no attribute 'market_summary_for'
1755209512547,ERROR,-,'BinanceExchange' object has no attribute 'market_summary_for'
1755209512547,ERROR,-,'BinanceExchange' object has no attribute 'market_summary_for'
1755209513344,ERROR,-,'BinanceExchange' object has no attribute 'market_summary_for'
1755209513345,ERROR,-,'BinanceExchange' object has no attribute 'market_summary_for'
1755209514145,ERROR,-,'BinanceExchange' object has no attribute 'market_summary_for'
1755209514148,ERROR,-,'BinanceExchange' object has no attribute 'market_summary_for'
1755209514946,ERROR,-,'BinanceExchange' object has no attribute 'market_summary_for'
1755209514946,ERROR,-,'BinanceExchange' object has no attribute 'market_summary_for'
1755209515748,ERROR,-,'BinanceExchange' object has no attribute 'market_summary_for'
1755209515748,ERROR,-,'BinanceExchange' object has no attribute 'market_summary_for'
1755209516547,ERROR,-,'BinanceExchange' object has no attribute 'market_summary_for'
1755209516548,ERROR,-,'BinanceExchange' object has no attribute 'market_summary_for'
1755209517349,ERROR,-,'BinanceExchange' object has no attribute 'market_summary_for'
1755209517351,ERROR,-,'BinanceExchange' object has no attribute 'market_summary_for'
1755209518148,ERROR,-,'BinanceExchange' object has no attribute 'market_summary_for'
1755209518151,ERROR,-,'BinanceExchange' object has no attribute 'market_summary_for'
1755209518948,ERROR,-,'BinanceExchange' object has no attribute 'market_summary_for'
1755209518951,ERROR,-,'BinanceExchange' object has no attribute 'market_summary_for'
1755209519751,ERROR,-,'BinanceExchange' object has no attribute 'market_summary_for'
1755209519754,ERROR,-,'BinanceExchange' object has no attribute 'market_summary_for'
1755209520552,ERROR,-,'BinanceExchange' object has no attribute 'market_summary_for'
1755209520552,ERROR,-,'BinanceExchange' object has no attribute 'market_summary_for'
1755209521353,ERROR,-,'BinanceExchange' object has no attribute 'market_summary_for'
1755209521353,ERROR,-,'BinanceExchange' object has no attribute 'market_summary_for'
1755209522153,ERROR,-,'BinanceExchange' object has no attribute 'market_summary_for'
1755209522153,ERROR,-,'BinanceExchange' object has no attribute 'market_summary_for'
1755209522954,ERROR,-,'BinanceExchange' object has no attribute 'market_summary_for'
1755209522954,ERROR,-,'BinanceExchange' object has no attribute 'market_summary_for'
1755209523754,ERROR,-,'BinanceExchange' object has no attribute 'market_summary_for'
1755209523755,ERROR,-,'BinanceExchange' object has no attribute 'market_summary_for'
1755209524555,ERROR,-,'BinanceExchange' object has no attribute 'market_summary_for'
1755209524555,ERROR,-,'BinanceExchange' object has no attribute 'market_summary_for'
1755209525354,ERROR,-,'BinanceExchange' object has no attribute 'market_summary_for'
1755209525356,ERROR,-,'BinanceExchange' object has no attribute 'market_summary_for'
1755209526155,ERROR,-,'BinanceExchange' object has no attribute 'market_summary_for'
1755209526155,ERROR,-,'BinanceExchange' object has no attribute 'market_summary_for'
1755209526959,ERROR,-,'BinanceExchange' object has no attribute 'market_summary_for'
1755209526959,ERROR,-,'BinanceExchange' object has no attribute 'market_summary_for'
1755209527757,ERROR,-,'BinanceExchange' object has no attribute 'market_summary_for'
1755209527757,ERROR,-,'BinanceExchange' object has no attribute 'market_summary_for'
1755209528558,ERROR,-,'BinanceExchange' object has no attribute 'market_summary_for'
1755209528972,ERROR,-,'BinanceExchange' object has no attribute 'market_summary_for'
1755209529357,ERROR,-,'BinanceExchange' object has no attribute 'market_summary_for'
1755209530159,ERROR,-,'BinanceExchange' object has no attribute 'market_summary_for'
1755209530159,ERROR,-,'BinanceExchange' object has no attribute 'market_summary_for'
1755209530961,ERROR,-,'BinanceExchange' object has no attribute 'market_summary_for'
1755209530961,ERROR,-,'BinanceExchange' object has no attribute 'market_summary_for'
1755209531758,ERROR,-,'BinanceExchange' object has no attribute 'market_summary_for'
1755209531758,ERROR,-,'BinanceExchange' object has no attribute 'market_summary_for'
1755209532561,ERROR,-,'BinanceExchange' object has no attribute 'market_summary_for'
1755209532561,ERROR,-,'BinanceExchange' object has no attribute 'market_summary_for'
1755209533367,ERROR,-,'BinanceExchange' object has no attribute 'market_summary_for'
1755209533367,ERROR,-,'BinanceExchange' object has no attribute 'market_summary_for'
1755209534161,ERROR,-,'BinanceExchange' object has no attribute 'market_summary_for'
1755209534162,ERROR,-,'BinanceExchange' object has no attribute 'market_summary_for'
1755209534958,ERROR,-,'BinanceExchange' object has no attribute 'market_summary_for'
1755209534961,ERROR,-,'BinanceExchange' object has no attribute 'market_summary_for'
1755209535760,ERROR,-,'BinanceExchange' object has no attribute 'market_summary_for'
1755209535761,ERROR,-,'BinanceExchange' object has no attribute 'market_summary_for'
1755209536561,ERROR,-,'BinanceExchange' object has no attribute 'market_summary_for'
1755209536563,ERROR,-,'BinanceExchange' object has no attribute 'market_summary_for'
1755209537366,ERROR,-,'BinanceExchange' object has no attribute 'market_summary_for'
1755209537366,ERROR,-,'BinanceExchange' object has no attribute 'market_summary_for'
1755209538162,ERROR,-,'BinanceExchange' object has no attribute 'market_summary_for'
1755209538163,ERROR,-,'BinanceExchange' object has no attribute 'market_summary_for'
1755209538967,ERROR,-,'BinanceExchange' object has no attribute 'market_summary_for'
1755209538967,ERROR,-,'BinanceExchange' object has no attribute 'market_summary_for'
1755209539767,ERROR,-,'BinanceExchange' object has no attribute 'market_summary_for'
1755209539767,ERROR,-,'BinanceExchange' object has no attribute 'market_summary_for'
1755209540566,ERROR,-,'BinanceExchange' object has no attribute 'market_summary_for'
1755209540570,ERROR,-,'BinanceExchange' object has no attribute 'market_summary_for'
1755209541369,ERROR,-,'BinanceExchange' object has no attribute 'market_summary_for'
1755209541369,ERROR,-,'BinanceExchange' object has no attribute 'market_summary_for'
1755209542169,ERROR,-,'BinanceExchange' object has no attribute 'market_summary_for'
1755209542169,ERROR,-,'BinanceExchange' object has no attribute 'market_summary_for'
1755209542974,ERROR,-,'BinanceExchange' object has no attribute 'market_summary_for'
1755209542974,ERROR,-,'BinanceExchange' object has no attribute 'market_summary_for'
1755209543773,ERROR,-,'BinanceExchange' object has no attribute 'market_summary_for'
1755209543773,ERROR,-,'BinanceExchange' object has no attribute 'market_summary_for'
1755209544572,ERROR,-,'BinanceExchange' object has no attribute 'market_summary_for'
1755209544572,ERROR,-,'BinanceExchange' object has no attribute 'market_summary_for'
1755209545374,ERROR,-,'BinanceExchange' object has no attribute 'market_summary_for'
1755209545374,ERROR,-,'BinanceExchange' object has no attribute 'market_summary_for'
1755209546176,ERROR,-,'BinanceExchange' object has no attribute 'market_summary_for'
1755209546176,ERROR,-,'BinanceExchange' object has no attribute 'market_summary_for'
1755209546977,ERROR,-,'BinanceExchange' object has no attribute 'market_summary_for'
1755209546977,ERROR,-,'BinanceExchange' object has no attribute 'market_summary_for'
1755209547774,ERROR,-,'BinanceExchange' object has no attribute 'market_summary_for'
1755209547776,ERROR,-,'BinanceExchange' object has no attribute 'market_summary_for'
1755209548576,ERROR,-,'BinanceExchange' object has no attribute 'market_summary_for'
1755209548576,ERROR,-,'BinanceExchange' object has no attribute 'market_summary_for'
1755209549376,ERROR,-,'BinanceExchange' object has no attribute 'market_summary_for'
1755209549377,ERROR,-,'BinanceExchange' object has no attribute 'market_summary_for'
1755209550178,ERROR,-,'BinanceExchange' object has no attribute 'market_summary_for'
1755209550178,ERROR,-,'BinanceExchange' object has no attribute 'market_summary_for'
1755209550981,ERROR,-,'BinanceExchange' object has no attribute 'market_summary_for'
1755209550981,ERROR,-,'BinanceExchange' object has no attribute 'market_summary_for'
1755209551779,ERROR,-,'BinanceExchange' object has no attribute 'market_summary_for'
1755209551779,ERROR,-,'BinanceExchange' object has no attribute 'market_summary_for'
1755209552575,ERROR,-,'BinanceExchange' object has no attribute 'market_summary_for'
1755209552579,ERROR,-,'BinanceExchange' object has no attribute 'market_summary_for'
1755209553379,ERROR,-,'BinanceExchange' object has no attribute 'market_summary_for'
1755209553380,ERROR,-,'BinanceExchange' object has no attribute 'market_summary_for'
1755209554181,ERROR,-,'BinanceExchange' object has no attribute 'market_summary_for'
1755209554181,ERROR,-,'BinanceExchange' object has no attribute 'market_summary_for'
1755209554980,ERROR,-,'BinanceExchange' object has no attribute 'market_summary_for'
1755209554981,ERROR,-,'BinanceExchange' object has no attribute 'market_summary_for'
1755209555784,ERROR,-,'BinanceExchange' object has no attribute 'market_summary_for'
1755209555784,ERROR,-,'BinanceExchange' object has no attribute 'market_summary_for'
1755209556582,ERROR,-,'BinanceExchange' object has no attribute 'market_summary_for'
1755209556582,ERROR,-,'BinanceExchange' object has no attribute 'market_summary_for'
1755209557384,ERROR,-,'BinanceExchange' object has no attribute 'market_summary_for'
1755209557384,ERROR,-,'BinanceExchange' object has no attribute 'market_summary_for'
1755209558184,ERROR,-,'BinanceExchange' object has no attribute 'market_summary_for'
1755209558186,ERROR,-,'BinanceExchange' object has no attribute 'market_summary_for'
1755209558987,ERROR,-,'BinanceExchange' object has no attribute 'market_summary_for'
1755209558987,ERROR,-,'BinanceExchange' object has no attribute 'market_summary_for'
1755209559787,ERROR,-,'BinanceExchange' object has no attribute 'market_summary_for'
1755209559787,ERROR,-,'BinanceExchange' object has no attribute 'market_summary_for'
1755209560586,ERROR,-,'BinanceExchange' object has no attribute 'market_summary_for'
1755209560588,ERROR,-,'BinanceExchange' object has no attribute 'market_summary_for'
1755209561388,ERROR,-,'BinanceExchange' object has no attribute 'market_summary_for'
1755209561389,ERROR,-,'BinanceExchange' object has no attribute 'market_summary_for'
1755209562192,ERROR,-,'BinanceExchange' object has no attribute 'market_summary_for'
1755209562992,ERROR,-,'BinanceExchange' object has no attribute 'market_summary_for'
1755209562993,ERROR,-,'BinanceExchange' object has no attribute 'market_summary_for'
1755209563794,ERROR,-,'BinanceExchange' object has no attribute 'market_summary_for'
1755209563794,ERROR,-,'BinanceExchange' object has no attribute 'market_summary_for'
1755209564592,ERROR,-,'BinanceExchange' object has no attribute 'market_summary_for'
1755209564592,ERROR,-,'BinanceExchange' object has no attribute 'market_summary_for'
1755209565396,ERROR,-,'BinanceExchange' object has no attribute 'market_summary_for'
1755209565396,ERROR,-,'BinanceExchange' object has no attribute 'market_summary_for'
1755209566197,ERROR,-,'BinanceExchange' object has no attribute 'market_summary_for'
1755209566198,ERROR,-,'BinanceExchange' object has no attribute 'market_summary_for'
1755209566996,ERROR,-,'BinanceExchange' object has no attribute 'market_summary_for'
1755209566996,ERROR,-,'BinanceExchange' object has no attribute 'market_summary_for'
1755209567796,ERROR,-,'BinanceExchange' object has no attribute 'market_summary_for'
1755209567798,ERROR,-,'BinanceExchange' object has no attribute 'market_summary_for'
1755209568595,ERROR,-,'BinanceExchange' object has no attribute 'market_summary_for'
1755209568599,ERROR,-,'BinanceExchange' object has no attribute 'market_summary_for'
1755209569400,ERROR,-,'BinanceExchange' object has no attribute 'market_summary_for'
1755209569400,ERROR,-,'BinanceExchange' object has no attribute 'market_summary_for'
1755209570197,ERROR,-,'BinanceExchange' object has no attribute 'market_summary_for'
1755209570201,ERROR,-,'BinanceExchange' object has no attribute 'market_summary_for'
1755209570998,ERROR,-,'BinanceExchange' object has no attribute 'market_summary_for'
1755209570998,ERROR,-,'BinanceExchange' object has no attribute 'market_summary_for'
1755209571797,ERROR,-,'BinanceExchange' object has no attribute 'market_summary_for'
1755209571797,ERROR,-,'BinanceExchange' object has no attribute 'market_summary_for'
1755209572599,ERROR,-,'BinanceExchange' object has no attribute 'market_summary_for'
1755209572600,ERROR,-,'BinanceExchange' object has no attribute 'market_summary_for'
1755209573400,ERROR,-,'BinanceExchange' object has no attribute 'market_summary_for'
1755209573400,ERROR,-,'BinanceExchange' object has no attribute 'market_summary_for'
1755209574200,ERROR,-,'BinanceExchange' object has no attribute 'market_summary_for'
1755209574200,ERROR,-,'BinanceExchange' object has no attribute 'market_summary_for'
1755209574997,ERROR,-,'BinanceExchange' object has no attribute 'market_summary_for'
1755209575002,ERROR,-,'BinanceExchange' object has no attribute 'market_summary_for'
1755209575803,ERROR,-,'BinanceExchange' object has no attribute 'market_summary_for'
1755209576222,ERROR,-,'BinanceExchange' object has no attribute 'market_summary_for'
1755209576600,ERROR,-,'BinanceExchange' object has no attribute 'market_summary_for'
1755209577403,ERROR,-,'BinanceExchange' object has no attribute 'market_summary_for'
1755209577405,ERROR,-,'BinanceExchange' object has no attribute 'market_summary_for'
1755209578205,ERROR,-,'BinanceExchange' object has no attribute 'market_summary_for'
1755209578205,ERROR,-,'BinanceExchange' object has no attribute 'market_summary_for'
1755209579005,ERROR,-,'BinanceExchange' object has no attribute 'market_summary_for'
1755209579007,ERROR,-,'BinanceExchange' object has no attribute 'market_summary_for'
1755209579806,ERROR,-,'BinanceExchange' object has no attribute 'market_summary_for'
1755209579806,ERROR,-,'BinanceExchange' object has no attribute 'market_summary_for'
1755209580608,ERROR,-,'BinanceExchange' object has no attribute 'market_summary_for'
1755209580608,ERROR,-,'BinanceExchange' object has no attribute 'market_summary_for'
1755209581410,ERROR,-,'BinanceExchange' object has no attribute 'market_summary_for'
1755209581411,ERROR,-,'BinanceExchange' object has no attribute 'market_summary_for'
1755209582213,ERROR,-,'BinanceExchange' object has no attribute 'market_summary_for'
1755209582213,ERROR,-,'BinanceExchange' object has no attribute 'market_summary_for'
1755209583014,ERROR,-,'BinanceExchange' object has no attribute 'market_summary_for'
1755209583014,ERROR,-,'BinanceExchange' object has no attribute 'market_summary_for'
1755209583813,ERROR,-,'BinanceExchange' object has no attribute 'market_summary_for'
1755209583813,ERROR,-,'BinanceExchange' object has no attribute 'market_summary_for'
1755209584614,ERROR,-,'BinanceExchange' object has no attribute 'market_summary_for'
1755209584614,ERROR,-,'BinanceExchange' object has no attribute 'market_summary_for'
1755209585415,ERROR,-,'BinanceExchange' object has no attribute 'market_summary_for'
1755209585416,ERROR,-,'BinanceExchange' object has no attribute 'market_summary_for'
1755209586215,ERROR,-,'BinanceExchange' object has no attribute 'market_summary_for'
1755209586216,ERROR,-,'BinanceExchange' object has no attribute 'market_summary_for'
1755209587013,ERROR,-,'BinanceExchange' object has no attribute 'market_summary_for'
1755209587016,ERROR,-,'BinanceExchange' object has no attribute 'market_summary_for'
1755209587817,ERROR,-,'BinanceExchange' object has no attribute 'market_summary_for'
1755209587817,ERROR,-,'BinanceExchange' object has no attribute 'market_summary_for'
1755209588614,ERROR,-,'BinanceExchange' object has no attribute 'market_summary_for'
1755209588618,ERROR,-,'BinanceExchange' object has no attribute 'market_summary_for'
1755209589418,ERROR,-,'BinanceExchange' object has no attribute 'market_summary_for'
1755209589418,ERROR,-,'BinanceExchange' object has no attribute 'market_summary_for'
1755209590217,ERROR,-,'BinanceExchange' object has no attribute 'market_summary_for'
1755209590219,ERROR,-,'BinanceExchange' object has no attribute 'market_summary_for'
1755209591019,ERROR,-,'BinanceExchange' object has no attribute 'market_summary_for'
1755209591019,ERROR,-,'BinanceExchange' object has no attribute 'market_summary_for'
1755209591818,ERROR,-,'BinanceExchange' object has no attribute 'market_summary_for'
1755209591820,ERROR,-,'BinanceExchange' object has no attribute 'market_summary_for'
1755209592620,ERROR,-,'BinanceExchange' object has no attribute 'market_summary_for'
1755209592621,ERROR,-,'BinanceExchange' object has no attribute 'market_summary_for'
1755209593418,ERROR,-,'BinanceExchange' object has no attribute 'market_summary_for'
1755209593421,ERROR,-,'BinanceExchange' object has no attribute 'market_summary_for'
1755209594220,ERROR,-,'BinanceExchange' object has no attribute 'market_summary_for'
1755209594223,ERROR,-,'BinanceExchange' object has no attribute 'market_summary_for'
1755209595024,ERROR,-,'BinanceExchange' object has no attribute 'market_summary_for'
1755209595024,ERROR,-,'BinanceExchange' object has no attribute 'market_summary_for'
1755209595826,ERROR,-,'BinanceExchange' object has no attribute 'market_summary_for'
1755209595826,ERROR,-,'BinanceExchange' object has no attribute 'market_summary_for'
1755209596626,ERROR,-,'BinanceExchange' object has no attribute 'market_summary_for'
1755209596626,ERROR,-,'BinanceExchange' object has no attribute 'market_summary_for'
1755209597427,ERROR,-,'BinanceExchange' object has no attribute 'market_summary_for'
1755209597427,ERROR,-,'BinanceExchange' object has no attribute 'market_summary_for'
1755209598314,ERROR,-,'BinanceExchange' object has no attribute 'market_summary_for'
1755209598314,ERROR,-,'BinanceExchange' object has no attribute 'market_summary_for'
1755209599027,ERROR,-,'BinanceExchange' object has no attribute 'market_summary_for'
1755209599027,ERROR,-,'BinanceExchange' object has no attribute 'market_summary_for'
1755209599827,ERROR,-,'BinanceExchange' object has no attribute 'market_summary_for'
1755209599827,ERROR,-,'BinanceExchange' object has no attribute 'market_summary_for'
1755209600629,ERROR,-,'BinanceExchange' object has no attribute 'market_summary_for'
1755209600629,ERROR,-,'BinanceExchange' object has no attribute 'market_summary_for'
1755209601428,ERROR,-,'BinanceExchange' object has no attribute 'market_summary_for'
1755209601428,ERROR,-,'BinanceExchange' object has no attribute 'market_summary_for'
1755209602229,ERROR,-,'BinanceExchange' object has no attribute 'market_summary_for'
1755209602231,ERROR,-,'BinanceExchange' object has no attribute 'market_summary_for'
1755209603038,ERROR,-,'BinanceExchange' object has no attribute 'market_summary_for'
1755209603038,ERROR,-,'BinanceExchange' object has no attribute 'market_summary_for'
1755209603832,ERROR,-,'BinanceExchange' object has no attribute 'market_summary_for'
1755209603832,ERROR,-,'BinanceExchange' object has no attribute 'market_summary_for'
1755209604632,ERROR,-,'BinanceExchange' object has no attribute 'market_summary_for'
1755209604632,ERROR,-,'BinanceExchange' object has no attribute 'market_summary_for'
1755209605650,ERROR,-,'BinanceExchange' object has no attribute 'market_summary_for'
1755209605650,ERROR,-,'BinanceExchange' object has no attribute 'market_summary_for'
1755209606233,ERROR,-,'BinanceExchange' object has no attribute 'market_summary_for'
1755209606234,ERROR,-,'BinanceExchange' object has no attribute 'market_summary_for'
1755209607038,ERROR,-,'BinanceExchange' object has no attribute 'market_summary_for'
1755209607038,ERROR,-,'BinanceExchange' object has no attribute 'market_summary_for'
1755209607838,ERROR,-,'BinanceExchange' object has no attribute 'market_summary_for'
1755209607838,ERROR,-,'BinanceExchange' object has no attribute 'market_summary_for'
1755209608639,ERROR,-,'BinanceExchange' object has no attribute 'market_summary_for'
1755209608643,ERROR,-,'BinanceExchange' object has no attribute 'market_summary_for'
1755209609438,ERROR,-,'BinanceExchange' object has no attribute 'market_summary_for'
1755209609441,ERROR,-,'BinanceExchange' object has no attribute 'market_summary_for'
1755209610240,ERROR,-,'BinanceExchange' object has no attribute 'market_summary_for'
1755209610240,ERROR,-,'BinanceExchange' object has no attribute 'market_summary_for'
1755209611039,ERROR,-,'BinanceExchange' object has no attribute 'market_summary_for'
1755209611039,ERROR,-,'BinanceExchange' object has no attribute 'market_summary_for'
1755209611842,ERROR,-,'BinanceExchange' object has no attribute 'market_summary_for'
1755209611842,ERROR,-,'BinanceExchange' object has no attribute 'market_summary_for'
1755209612641,ERROR,-,'BinanceExchange' object has no attribute 'market_summary_for'
1755209612641,ERROR,-,'BinanceExchange' object has no attribute 'market_summary_for'
1755209613441,ERROR,-,'BinanceExchange' object has no attribute 'market_summary_for'
1755209613441,ERROR,-,'BinanceExchange' object has no attribute 'market_summary_for'
1755209614243,ERROR,-,'BinanceExchange' object has no attribute 'market_summary_for'
1755209614243,ERROR,-,'BinanceExchange' object has no attribute 'market_summary_for'
1755209615042,ERROR,-,'BinanceExchange' object has no attribute 'market_summary_for'
1755209615042,ERROR,-,'BinanceExchange' object has no attribute 'market_summary_for'
1755209615841,ERROR,-,'BinanceExchange' object has no attribute 'market_summary_for'
1755209615874,ERROR,-,'BinanceExchange' object has no attribute 'market_summary_for'
1755209618803,ERROR,-,'BinanceExchange' object has no attribute 'market_summary_for'
1755209619537,ERROR,-,'BinanceExchange' object has no attribute 'market_summary_for'
1755209619541,ERROR,-,'BinanceExchange' object has no attribute 'market_summary_for'
1755209620341,ERROR,-,'BinanceExchange' object has no attribute 'market_summary_for'
1755209620341,ERROR,-,'BinanceExchange' object has no attribute 'market_summary_for'
1755209621183,ERROR,-,'BinanceExchange' object has no attribute 'market_summary_for'
1755209621183,ERROR,-,'BinanceExchange' object has no attribute 'market_summary_for'
1755209621943,ERROR,-,'BinanceExchange' object has no attribute 'market_summary_for'
1755209621943,ERROR,-,'BinanceExchange' object has no attribute 'market_summary_for'
1755209622746,ERROR,-,'BinanceExchange' object has no attribute 'market_summary_for'
1755209622746,ERROR,-,'BinanceExchange' object has no attribute 'market_summary_for'
1755209623543,ERROR,-,'BinanceExchange' object has no attribute 'market_summary_for'
1755209623544,ERROR,-,'BinanceExchange' object has no attribute 'market_summary_for'
1755209624345,ERROR,-,'BinanceExchange' object has no attribute 'market_summary_for'
1755209624345,ERROR,-,'BinanceExchange' object has no attribute 'market_summary_for'
1755209625145,ERROR,-,'BinanceExchange' object has no attribute 'market_summary_for'
1755209625147,ERROR,-,'BinanceExchange' object has no attribute 'market_summary_for'
1755209625947,ERROR,-,'BinanceExchange' object has no attribute 'market_summary_for'
1755209625947,ERROR,-,'BinanceExchange' object has no attribute 'market_summary_for'
1755209626759,ERROR,-,'BinanceExchange' object has no attribute 'market_summary_for'
1755209626759,ERROR,-,'BinanceExchange' object has no attribute 'market_summary_for'
1755209627547,ERROR,-,'BinanceExchange' object has no attribute 'market_summary_for'
1755209627547,ERROR,-,'BinanceExchange' object has no attribute 'market_summary_for'
1755209628348,ERROR,-,'BinanceExchange' object has no attribute 'market_summary_for'
1755209628348,ERROR,-,'BinanceExchange' object has no attribute 'market_summary_for'
1755209629147,ERROR,-,'BinanceExchange' object has no attribute 'market_summary_for'
1755209629151,ERROR,-,'BinanceExchange' object has no attribute 'market_summary_for'
1755209630124,ERROR,-,'BinanceExchange' object has no attribute 'market_summary_for'
1755209630125,ERROR,-,'BinanceExchange' object has no attribute 'market_summary_for'
1755209630750,ERROR,-,'BinanceExchange' object has no attribute 'market_summary_for'
1755209630752,ERROR,-,'BinanceExchange' object has no attribute 'market_summary_for'
1755209631550,ERROR,-,'BinanceExchange' object has no attribute 'market_summary_for'
1755209631554,ERROR,-,'BinanceExchange' object has no attribute 'market_summary_for'
1755209632353,ERROR,-,'BinanceExchange' object has no attribute 'market_summary_for'
1755209632355,ERROR,-,'BinanceExchange' object has no attribute 'market_summary_for'
1755209633156,ERROR,-,'BinanceExchange' object has no attribute 'market_summary_for'
1755209633156,ERROR,-,'BinanceExchange' object has no attribute 'market_summary_for'
1755209633957,ERROR,-,'BinanceExchange' object has no attribute 'market_summary_for'
1755209633957,ERROR,-,'BinanceExchange' object has no attribute 'market_summary_for'
1755209634756,ERROR,-,'BinanceExchange' object has no attribute 'market_summary_for'
1755209634756,ERROR,-,'BinanceExchange' object has no attribute 'market_summary_for'
1755209635556,ERROR,-,'BinanceExchange' object has no attribute 'market_summary_for'
1755209635556,ERROR,-,'BinanceExchange' object has no attribute 'market_summary_for'
1755209636358,ERROR,-,'BinanceExchange' object has no attribute 'market_summary_for'
1755209636358,ERROR,-,'BinanceExchange' object has no attribute 'market_summary_for'
1755209637158,ERROR,-,'BinanceExchange' object has no attribute 'market_summary_for'
1755209637158,ERROR,-,'BinanceExchange' object has no attribute 'market_summary_for'
1755209638327,ERROR,-,'BinanceExchange' object has no attribute 'market_summary_for'
1755209638327,ERROR,-,'BinanceExchange' object has no attribute 'market_summary_for'
1755209638795,ERROR,-,'BinanceExchange' object has no attribute 'market_summary_for'
1755209639598,ERROR,-,'BinanceExchange' object has no attribute 'market_summary_for'
1755209640399,ERROR,-,'BinanceExchange' object has no attribute 'market_summary_for'
1755209640399,ERROR,-,'BinanceExchange' object has no attribute 'market_summary_for'
1755209641199,ERROR,-,'BinanceExchange' object has no attribute 'market_summary_for'
1755209641199,ERROR,-,'BinanceExchange' object has no attribute 'market_summary_for'
1755209641999,ERROR,-,'BinanceExchange' object has no attribute 'market_summary_for'
1755209641999,ERROR,-,'BinanceExchange' object has no attribute 'market_summary_for'
1755209642802,ERROR,-,'BinanceExchange' object has no attribute 'market_summary_for'
1755209642802,ERROR,-,'BinanceExchange' object has no attribute 'market_summary_for'
1755209643601,ERROR,-,'BinanceExchange' object has no attribute 'market_summary_for'
1755209643601,ERROR,-,'BinanceExchange' object has no attribute 'market_summary_for'
1755209644402,ERROR,-,'BinanceExchange' object has no attribute 'market_summary_for'
1755209644402,ERROR,-,'BinanceExchange' object has no attribute 'market_summary_for'
1755209645202,ERROR,-,'BinanceExchange' object has no attribute 'market_summary_for'
1755209645202,ERROR,-,'BinanceExchange' object has no attribute 'market_summary_for'
1755209646617,ERROR,-,'BinanceExchange' object has no attribute 'market_summary_for'
1755209646617,ERROR,-,'BinanceExchange' object has no attribute 'market_summary_for'
1755209647090,ERROR,-,'BinanceExchange' object has no attribute 'market_summary_for'
1755209647886,ERROR,-,'BinanceExchange' object has no attribute 'market_summary_for'
1755209647887,ERROR,-,'BinanceExchange' object has no attribute 'market_summary_for'
1755209648730,ERROR,-,'BinanceExchange' object has no attribute 'market_summary_for'
1755209648730,ERROR,-,'BinanceExchange' object has no attribute 'market_summary_for'
1755209649487,ERROR,-,'BinanceExchange' object has no attribute 'market_summary_for'
1755209649489,ERROR,-,'BinanceExchange' object has no attribute 'market_summary_for'
1755209650289,ERROR,-,'BinanceExchange' object has no attribute 'market_summary_for'
1755209650289,ERROR,-,'BinanceExchange' object has no attribute 'market_summary_for'
1755209651089,ERROR,-,'BinanceExchange' object has no attribute 'market_summary_for'
1755209651089,ERROR,-,'BinanceExchange' object has no attribute 'market_summary_for'
1755209651893,ERROR,-,'BinanceExchange' object has no attribute 'market_summary_for'
1755209651893,ERROR,-,'BinanceExchange' object has no attribute 'market_summary_for'
1755209652693,ERROR,-,'BinanceExchange' object has no attribute 'market_summary_for'
1755209652694,ERROR,-,'BinanceExchange' object has no attribute 'market_summary_for'
1755209653494,ERROR,-,'BinanceExchange' object has no attribute 'market_summary_for'
1755209653494,ERROR,-,'BinanceExchange' object has no attribute 'market_summary_for'
1755209654295,ERROR,-,'BinanceExchange' object has no attribute 'market_summary_for'
1755209654295,ERROR,-,'BinanceExchange' object has no attribute 'market_summary_for'
1755209655095,ERROR,-,'BinanceExchange' object has no attribute 'market_summary_for'
1755209655095,ERROR,-,'BinanceExchange' object has no attribute 'market_summary_for'
1755209655896,ERROR,-,'BinanceExchange' object has no attribute 'market_summary_for'
1755209655896,ERROR,-,'BinanceExchange' object has no attribute 'market_summary_for'
1755209656694,ERROR,-,'BinanceExchange' object has no attribute 'market_summary_for'
1755209656695,ERROR,-,'BinanceExchange' object has no attribute 'market_summary_for'
1755209657496,ERROR,-,'BinanceExchange' object has no attribute 'market_summary_for'
1755209657496,ERROR,-,'BinanceExchange' object has no attribute 'market_summary_for'
1755209658298,ERROR,-,'BinanceExchange' object has no attribute 'market_summary_for'
1755209658299,ERROR,-,'BinanceExchange' object has no attribute 'market_summary_for'
1755209659098,ERROR,-,'BinanceExchange' object has no attribute 'market_summary_for'
1755209659099,ERROR,-,'BinanceExchange' object has no attribute 'market_summary_for'
1755209659897,ERROR,-,'BinanceExchange' object has no attribute 'market_summary_for'
1755209659899,ERROR,-,'BinanceExchange' object has no attribute 'market_summary_for'
1755209660700,ERROR,-,'BinanceExchange' object has no attribute 'market_summary_for'
1755209660700,ERROR,-,'BinanceExchange' object has no attribute 'market_summary_for'
1755209661502,ERROR,-,'BinanceExchange' object has no attribute 'market_summary_for'
1755209661502,ERROR,-,'BinanceExchange' object has no attribute 'market_summary_for'
1755209662341,ERROR,-,'BinanceExchange' object has no attribute 'market_summary_for'
1755209662341,ERROR,-,'BinanceExchange' object has no attribute 'market_summary_for'
1755209663101,ERROR,-,'BinanceExchange' object has no attribute 'market_summary_for'
1755209663101,ERROR,-,'BinanceExchange' object has no attribute 'market_summary_for'
1755209663903,ERROR,-,'BinanceExchange' object has no attribute 'market_summary_for'
1755209663903,ERROR,-,'BinanceExchange' object has no attribute 'market_summary_for'
1755209664703,ERROR,-,'BinanceExchange' object has no attribute 'market_summary_for'
1755209664705,ERROR,-,'BinanceExchange' object has no attribute 'market_summary_for'
1755209665502,ERROR,-,'BinanceExchange' object has no attribute 'market_summary_for'
1755209665505,ERROR,-,'BinanceExchange' object has no attribute 'market_summary_for'
1755209666307,ERROR,-,'BinanceExchange' object has no attribute 'market_summary_for'
1755209666307,ERROR,-,'BinanceExchange' object has no attribute 'market_summary_for'
1755209667108,ERROR,-,'BinanceExchange' object has no attribute 'market_summary_for'
1755209667108,ERROR,-,'BinanceExchange' object has no attribute 'market_summary_for'
1755209667907,ERROR,-,'BinanceExchange' object has no attribute 'market_summary_for'
1755209667907,ERROR,-,'BinanceExchange' object has no attribute 'market_summary_for'
1755209668705,ERROR,-,'BinanceExchange' object has no attribute 'market_summary_for'
1755209668708,ERROR,-,'BinanceExchange' object has no attribute 'market_summary_for'
1755209669507,ERROR,-,'BinanceExchange' object has no attribute 'market_summary_for'
1755209669507,ERROR,-,'BinanceExchange' object has no attribute 'market_summary_for'
1755209670311,ERROR,-,'BinanceExchange' object has no attribute 'market_summary_for'
1755209670311,ERROR,-,'BinanceExchange' object has no attribute 'market_summary_for'
1755209671111,ERROR,-,'BinanceExchange' object has no attribute 'market_summary_for'
1755209671112,ERROR,-,'BinanceExchange' object has no attribute 'market_summary_for'
1755209671909,ERROR,-,'BinanceExchange' object has no attribute 'market_summary_for'
1755209671909,ERROR,-,'BinanceExchange' object has no attribute 'market_summary_for'
1755209672713,ERROR,-,'BinanceExchange' object has no attribute 'market_summary_for'
1755209672713,ERROR,-,'BinanceExchange' object has no attribute 'market_summary_for'
1755209673513,ERROR,-,'BinanceExchange' object has no attribute 'market_summary_for'
1755209673513,ERROR,-,'BinanceExchange' object has no attribute 'market_summary_for'
1755209674318,ERROR,-,'BinanceExchange' object has no attribute 'market_summary_for'
1755209674318,ERROR,-,'BinanceExchange' object has no attribute 'market_summary_for'
1755209675116,ERROR,-,'BinanceExchange' object has no attribute 'market_summary_for'
1755209675116,ERROR,-,'BinanceExchange' object has no attribute 'market_summary_for'
1755209675918,ERROR,-,'BinanceExchange' object has no attribute 'market_summary_for'
1755209675918,ERROR,-,'BinanceExchange' object has no attribute 'market_summary_for'
1755209676719,ERROR,-,'BinanceExchange' object has no attribute 'market_summary_for'
1755209676719,ERROR,-,'BinanceExchange' object has no attribute 'market_summary_for'
1755209677518,ERROR,-,'BinanceExchange' object has no attribute 'market_summary_for'
1755209677518,ERROR,-,'BinanceExchange' object has no attribute 'market_summary_for'
1755209678320,ERROR,-,'BinanceExchange' object has no attribute 'market_summary_for'
1755209678322,ERROR,-,'BinanceExchange' object has no attribute 'market_summary_for'
1755209679122,ERROR,-,'BinanceExchange' object has no attribute 'market_summary_for'
1755209679122,ERROR,-,'BinanceExchange' object has no attribute 'market_summary_for'
1755209679918,ERROR,-,'BinanceExchange' object has no attribute 'market_summary_for'
1755209679920,ERROR,-,'BinanceExchange' object has no attribute 'market_summary_for'
1755209680721,ERROR,-,'BinanceExchange' object has no attribute 'market_summary_for'
1755209680721,ERROR,-,'BinanceExchange' object has no attribute 'market_summary_for'
1755209681524,ERROR,-,'BinanceExchange' object has no attribute 'market_summary_for'
1755209681524,ERROR,-,'BinanceExchange' object has no attribute 'market_summary_for'
1755209682323,ERROR,-,'BinanceExchange' object has no attribute 'market_summary_for'
1755209682323,ERROR,-,'BinanceExchange' object has no attribute 'market_summary_for'
1755209683123,ERROR,-,'BinanceExchange' object has no attribute 'market_summary_for'
1755209683123,ERROR,-,'BinanceExchange' object has no attribute 'market_summary_for'
1755209683953,ERROR,-,'BinanceExchange' object has no attribute 'market_summary_for'
1755209683956,ERROR,-,'BinanceExchange' object has no attribute 'market_summary_for'
1755209684726,ERROR,-,'BinanceExchange' object has no attribute 'market_summary_for'
1755209684726,ERROR,-,'BinanceExchange' object has no attribute 'market_summary_for'
1755209685527,ERROR,-,'BinanceExchange' object has no attribute 'market_summary_for'
1755209685527,ERROR,-,'BinanceExchange' object has no attribute 'market_summary_for'
1755209686326,ERROR,-,'BinanceExchange' object has no attribute 'market_summary_for'
1755209686330,ERROR,-,'BinanceExchange' object has no attribute 'market_summary_for'
1755209687127,ERROR,-,'BinanceExchange' object has no attribute 'market_summary_for'
1755209687127,ERROR,-,'BinanceExchange' object has no attribute 'market_summary_for'
1755209687929,ERROR,-,'BinanceExchange' object has no attribute 'market_summary_for'
1755209687929,ERROR,-,'BinanceExchange' object has no attribute 'market_summary_for'
1755209688730,ERROR,-,'BinanceExchange' object has no attribute 'market_summary_for'
1755209688730,ERROR,-,'BinanceExchange' object has no attribute 'market_summary_for'
1755209689531,ERROR,-,'BinanceExchange' object has no attribute 'market_summary_for'
1755209689531,ERROR,-,'BinanceExchange' object has no attribute 'market_summary_for'
1755209690327,ERROR,-,'BinanceExchange' object has no attribute 'market_summary_for'
1755209690329,ERROR,-,'BinanceExchange' object has no attribute 'market_summary_for'
1755209691129,ERROR,-,'BinanceExchange' object has no attribute 'market_summary_for'
1755209691132,ERROR,-,'BinanceExchange' object has no attribute 'market_summary_for'
1755209691935,ERROR,-,'BinanceExchange' object has no attribute 'market_summary_for'
1755209691935,ERROR,-,'BinanceExchange' object has no attribute 'market_summary_for'
1755209692734,ERROR,-,'BinanceExchange' object has no attribute 'market_summary_for'
1755209692734,ERROR,-,'BinanceExchange' object has no attribute 'market_summary_for'
1755209693530,ERROR,-,'BinanceExchange' object has no attribute 'market_summary_for'
1755209693535,ERROR,-,'BinanceExchange' object has no attribute 'market_summary_for'
1755209694337,ERROR,-,'BinanceExchange' object has no attribute 'market_summary_for'
1755209694337,ERROR,-,'BinanceExchange' object has no attribute 'market_summary_for'
1755209695135,ERROR,-,'BinanceExchange' object has no attribute 'market_summary_for'
1755209695135,ERROR,-,'BinanceExchange' object has no attribute 'market_summary_for'
1755209695936,ERROR,-,'BinanceExchange' object has no attribute 'market_summary_for'
1755209695936,ERROR,-,'BinanceExchange' object has no attribute 'market_summary_for'
1755209696736,ERROR,-,'BinanceExchange' object has no attribute 'market_summary_for'
1755209696736,ERROR,-,'BinanceExchange' object has no attribute 'market_summary_for'
1755209697536,ERROR,-,'BinanceExchange' object has no attribute 'market_summary_for'
1755209697539,ERROR,-,'BinanceExchange' object has no attribute 'market_summary_for'
1755209698339,ERROR,-,'BinanceExchange' object has no attribute 'market_summary_for'
1755209698339,ERROR,-,'BinanceExchange' object has no attribute 'market_summary_for'
1755209699139,ERROR,-,'BinanceExchange' object has no attribute 'market_summary_for'
1755209699140,ERROR,-,'BinanceExchange' object has no attribute 'market_summary_for'
1755209699940,ERROR,-,'BinanceExchange' object has no attribute 'market_summary_for'
1755209699972,ERROR,-,'BinanceExchange' object has no attribute 'market_summary_for'
1755209700742,ERROR,-,'BinanceExchange' object has no attribute 'market_summary_for'
1755209700745,ERROR,-,'BinanceExchange' object has no attribute 'market_summary_for'
1755209701542,ERROR,-,'BinanceExchange' object has no attribute 'market_summary_for'
1755209701542,ERROR,-,'BinanceExchange' object has no attribute 'market_summary_for'
1755209702348,ERROR,-,'BinanceExchange' object has no attribute 'market_summary_for'
1755209702348,ERROR,-,'BinanceExchange' object has no attribute 'market_summary_for'
1755209703147,ERROR,-,'BinanceExchange' object has no attribute 'market_summary_for'
1755209703147,ERROR,-,'BinanceExchange' object has no attribute 'market_summary_for'
1755209703942,ERROR,-,'BinanceExchange' object has no attribute 'market_summary_for'
1755209703946,ERROR,-,'BinanceExchange' object has no attribute 'market_summary_for'
1755209704746,ERROR,-,'BinanceExchange' object has no attribute 'market_summary_for'
1755209704746,ERROR,-,'BinanceExchange' object has no attribute 'market_summary_for'
1755209705547,ERROR,-,'BinanceExchange' object has no attribute 'market_summary_for'
1755209705547,ERROR,-,'BinanceExchange' object has no attribute 'market_summary_for'
1755209706348,ERROR,-,'BinanceExchange' object has no attribute 'market_summary_for'
1755209707148,ERROR,-,'BinanceExchange' object has no attribute 'market_summary_for'
1755209707148,ERROR,-,'BinanceExchange' object has no attribute 'market_summary_for'
1755209707950,ERROR,-,'BinanceExchange' object has no attribute 'market_summary_for'
1755209707950,ERROR,-,'BinanceExchange' object has no attribute 'market_summary_for'
1755209708750,ERROR,-,'BinanceExchange' object has no attribute 'market_summary_for'
1755209708750,ERROR,-,'BinanceExchange' object has no attribute 'market_summary_for'
1755209709550,ERROR,-,'BinanceExchange' object has no attribute 'market_summary_for'
1755209709550,ERROR,-,'BinanceExchange' object has no attribute 'market_summary_for'
1755209710349,ERROR,-,'BinanceExchange' object has no attribute 'market_summary_for'
1755209710351,ERROR,-,'BinanceExchange' object has no attribute 'market_summary_for'
1755209711152,ERROR,-,'BinanceExchange' object has no attribute 'market_summary_for'
1755209711169,ERROR,-,'BinanceExchange' object has no attribute 'market_summary_for'
1755209711951,ERROR,-,'BinanceExchange' object has no attribute 'market_summary_for'
1755209711953,ERROR,-,'BinanceExchange' object has no attribute 'market_summary_for'
1755209712839,ERROR,-,'BinanceExchange' object has no attribute 'market_summary_for'
1755209712839,ERROR,-,'BinanceExchange' object has no attribute 'market_summary_for'
1755209713558,ERROR,-,'BinanceExchange' object has no attribute 'market_summary_for'
1755209713559,ERROR,-,'BinanceExchange' object has no attribute 'market_summary_for'
1755209714358,ERROR,-,'BinanceExchange' object has no attribute 'market_summary_for'
1755209714361,ERROR,-,'BinanceExchange' object has no attribute 'market_summary_for'
1755209715159,ERROR,-,'BinanceExchange' object has no attribute 'market_summary_for'
1755209715162,ERROR,-,'BinanceExchange' object has no attribute 'market_summary_for'
1755209715962,ERROR,-,'BinanceExchange' object has no attribute 'market_summary_for'
1755209715962,ERROR,-,'BinanceExchange' object has no attribute 'market_summary_for'
1755209716765,ERROR,-,'BinanceExchange' object has no attribute 'market_summary_for'
1755209716765,ERROR,-,'BinanceExchange' object has no attribute 'market_summary_for'
1755209717562,ERROR,-,'BinanceExchange' object has no attribute 'market_summary_for'
1755209717562,ERROR,-,'BinanceExchange' object has no attribute 'market_summary_for'
1755209718362,ERROR,-,'BinanceExchange' object has no attribute 'market_summary_for'
1755209718364,ERROR,-,'BinanceExchange' object has no attribute 'market_summary_for'
1755209719162,ERROR,-,'BinanceExchange' object has no attribute 'market_summary_for'
1755209719189,ERROR,-,'BinanceExchange' object has no attribute 'market_summary_for'
1755209719966,ERROR,-,'BinanceExchange' object has no attribute 'market_summary_for'
1755209719966,ERROR,-,'BinanceExchange' object has no attribute 'market_summary_for'
1755209720769,ERROR,-,'BinanceExchange' object has no attribute 'market_summary_for'
1755209720769,ERROR,-,'BinanceExchange' object has no attribute 'market_summary_for'
1755209721566,ERROR,-,'BinanceExchange' object has no attribute 'market_summary_for'
1755209721567,ERROR,-,'BinanceExchange' object has no attribute 'market_summary_for'
1755209722370,ERROR,-,'BinanceExchange' object has no attribute 'market_summary_for'
1755209722370,ERROR,-,'BinanceExchange' object has no attribute 'market_summary_for'
1755209723169,ERROR,-,'BinanceExchange' object has no attribute 'market_summary_for'
1755209723171,ERROR,-,'BinanceExchange' object has no attribute 'market_summary_for'
1755209723967,ERROR,-,'BinanceExchange' object has no attribute 'market_summary_for'
1755209723969,ERROR,-,'BinanceExchange' object has no attribute 'market_summary_for'
1755209724768,ERROR,-,'BinanceExchange' object has no attribute 'market_summary_for'
1755209724770,ERROR,-,'BinanceExchange' object has no attribute 'market_summary_for'
1755209725573,ERROR,-,'BinanceExchange' object has no attribute 'market_summary_for'
1755209725573,ERROR,-,'BinanceExchange' object has no attribute 'market_summary_for'
1755209726370,ERROR,-,'BinanceExchange' object has no attribute 'market_summary_for'
1755209726374,ERROR,-,'BinanceExchange' object has no attribute 'market_summary_for'
1755209727172,ERROR,-,'BinanceExchange' object has no attribute 'market_summary_for'
1755209727172,ERROR,-,'BinanceExchange' object has no attribute 'market_summary_for'
1755209728070,ERROR,-,'BinanceExchange' object has no attribute 'market_summary_for'
1755209728775,ERROR,-,'BinanceExchange' object has no attribute 'market_summary_for'
1755209728775,ERROR,-,'BinanceExchange' object has no attribute 'market_summary_for'
1755209729576,ERROR,-,'BinanceExchange' object has no attribute 'market_summary_for'
1755209729576,ERROR,-,'BinanceExchange' object has no attribute 'market_summary_for'
1755209730377,ERROR,-,'BinanceExchange' object has no attribute 'market_summary_for'
1755209730377,ERROR,-,'BinanceExchange' object has no attribute 'market_summary_for'
1755209731177,ERROR,-,'BinanceExchange' object has no attribute 'market_summary_for'
1755209731178,ERROR,-,'BinanceExchange' object has no attribute 'market_summary_for'
1755209731979,ERROR,-,'BinanceExchange' object has no attribute 'market_summary_for'
1755209731979,ERROR,-,'BinanceExchange' object has no attribute 'market_summary_for'
1755209732780,ERROR,-,'BinanceExchange' object has no attribute 'market_summary_for'
1755209732780,ERROR,-,'BinanceExchange' object has no attribute 'market_summary_for'
1755209733581,ERROR,-,'BinanceExchange' object has no attribute 'market_summary_for'
1755209733581,ERROR,-,'BinanceExchange' object has no attribute 'market_summary_for'
1755209734381,ERROR,-,'BinanceExchange' object has no attribute 'market_summary_for'
1755209734381,ERROR,-,'BinanceExchange' object has no attribute 'market_summary_for'
1755209735182,ERROR,-,'BinanceExchange' object has no attribute 'market_summary_for'
1755209735182,ERROR,-,'BinanceExchange' object has no attribute 'market_summary_for'
1755209735982,ERROR,-,'BinanceExchange' object has no attribute 'market_summary_for'
1755209735982,ERROR,-,'BinanceExchange' object has no attribute 'market_summary_for'
1755209736786,ERROR,-,'BinanceExchange' object has no attribute 'market_summary_for'
1755209736787,ERROR,-,'BinanceExchange' object has no attribute 'market_summary_for'
1755209737585,ERROR,-,'BinanceExchange' object has no attribute 'market_summary_for'
1755209737585,ERROR,-,'BinanceExchange' object has no attribute 'market_summary_for'
1755209738386,ERROR,-,'BinanceExchange' object has no attribute 'market_summary_for'
1755209738387,ERROR,-,'BinanceExchange' object has no attribute 'market_summary_for'
1755209739185,ERROR,-,'BinanceExchange' object has no attribute 'market_summary_for'
1755209739188,ERROR,-,'BinanceExchange' object has no attribute 'market_summary_for'
1755209739986,ERROR,-,'BinanceExchange' object has no attribute 'market_summary_for'
1755209739989,ERROR,-,'BinanceExchange' object has no attribute 'market_summary_for'
1755209740794,ERROR,-,'BinanceExchange' object has no attribute 'market_summary_for'
1755209740794,ERROR,-,'BinanceExchange' object has no attribute 'market_summary_for'
1755209741590,ERROR,-,'BinanceExchange' object has no attribute 'market_summary_for'
1755209741592,ERROR,-,'BinanceExchange' object has no attribute 'market_summary_for'
1755209742392,ERROR,-,'BinanceExchange' object has no attribute 'market_summary_for'
1755209742392,ERROR,-,'BinanceExchange' object has no attribute 'market_summary_for'
1755209743195,ERROR,-,'BinanceExchange' object has no attribute 'market_summary_for'
1755209743195,ERROR,-,'BinanceExchange' object has no attribute 'market_summary_for'
1755209743994,ERROR,-,'BinanceExchange' object has no attribute 'market_summary_for'
1755209743995,ERROR,-,'BinanceExchange' object has no attribute 'market_summary_for'
1755209744794,ERROR,-,'BinanceExchange' object has no attribute 'market_summary_for'
1755209744794,ERROR,-,'BinanceExchange' object has no attribute 'market_summary_for'
1755209745598,ERROR,-,'BinanceExchange' object has no attribute 'market_summary_for'
1755209745598,ERROR,-,'BinanceExchange' object has no attribute 'market_summary_for'
1755209746397,ERROR,-,'BinanceExchange' object has no attribute 'market_summary_for'
1755209746397,ERROR,-,'BinanceExchange' object has no attribute 'market_summary_for'
1755209747197,ERROR,-,'BinanceExchange' object has no attribute 'market_summary_for'
1755209747198,ERROR,-,'BinanceExchange' object has no attribute 'market_summary_for'
1755209747997,ERROR,-,'BinanceExchange' object has no attribute 'market_summary_for'
1755209747997,ERROR,-,'BinanceExchange' object has no attribute 'market_summary_for'
1755209748797,ERROR,-,'BinanceExchange' object has no attribute 'market_summary_for'
1755209748797,ERROR,-,'BinanceExchange' object has no attribute 'market_summary_for'
1755209749599,ERROR,-,'BinanceExchange' object has no attribute 'market_summary_for'
1755209749599,ERROR,-,'BinanceExchange' object has no attribute 'market_summary_for'
1755209750399,ERROR,-,'BinanceExchange' object has no attribute 'market_summary_for'
1755209750399,ERROR,-,'BinanceExchange' object has no attribute 'market_summary_for'
1755209751200,ERROR,-,'BinanceExchange' object has no attribute 'market_summary_for'
1755209751200,ERROR,-,'BinanceExchange' object has no attribute 'market_summary_for'
1755209751999,ERROR,-,'BinanceExchange' object has no attribute 'market_summary_for'
1755209751999,ERROR,-,'BinanceExchange' object has no attribute 'market_summary_for'
1755209752800,ERROR,-,'BinanceExchange' object has no attribute 'market_summary_for'
1755209752800,ERROR,-,'BinanceExchange' object has no attribute 'market_summary_for'
1755209753602,ERROR,-,'BinanceExchange' object has no attribute 'market_summary_for'
1755209753604,ERROR,-,'BinanceExchange' object has no attribute 'market_summary_for'
1755209754403,ERROR,-,'BinanceExchange' object has no attribute 'market_summary_for'
1755209754403,ERROR,-,'BinanceExchange' object has no attribute 'market_summary_for'
1755209755208,ERROR,-,'BinanceExchange' object has no attribute 'market_summary_for'
1755209755208,ERROR,-,'BinanceExchange' object has no attribute 'market_summary_for'
1755209756007,ERROR,-,'BinanceExchange' object has no attribute 'market_summary_for'
1755209756007,ERROR,-,'BinanceExchange' object has no attribute 'market_summary_for'
1755209756808,ERROR,-,'BinanceExchange' object has no attribute 'market_summary_for'
1755209756808,ERROR,-,'BinanceExchange' object has no attribute 'market_summary_for'
1755209757608,ERROR,-,'BinanceExchange' object has no attribute 'market_summary_for'
1755209757608,ERROR,-,'BinanceExchange' object has no attribute 'market_summary_for'
1755209758407,ERROR,-,'BinanceExchange' object has no attribute 'market_summary_for'
1755209758409,ERROR,-,'BinanceExchange' object has no attribute 'market_summary_for'
1755209759209,ERROR,-,'BinanceExchange' object has no attribute 'market_summary_for'
1755209759209,ERROR,-,'BinanceExchange' object has no attribute 'market_summary_for'
1755209760021,ERROR,-,'BinanceExchange' object has no attribute 'market_summary_for'
1755209760021,ERROR,-,'BinanceExchange' object has no attribute 'market_summary_for'
1755209760811,ERROR,-,'BinanceExchange' object has no attribute 'market_summary_for'
1755209760813,ERROR,-,'BinanceExchange' object has no attribute 'market_summary_for'
1755209761614,ERROR,-,'BinanceExchange' object has no attribute 'market_summary_for'
1755209761614,ERROR,-,'BinanceExchange' object has no attribute 'market_summary_for'
1755209762412,ERROR,-,'BinanceExchange' object has no attribute 'market_summary_for'
1755209762413,ERROR,-,'BinanceExchange' object has no attribute 'market_summary_for'
1755209763215,ERROR,-,'BinanceExchange' object has no attribute 'market_summary_for'
1755209763215,ERROR,-,'BinanceExchange' object has no attribute 'market_summary_for'
1755209764016,ERROR,-,'BinanceExchange' object has no attribute 'market_summary_for'
1755209764018,ERROR,-,'BinanceExchange' object has no attribute 'market_summary_for'
1755209764818,ERROR,-,'BinanceExchange' object has no attribute 'market_summary_for'
1755209764818,ERROR,-,'BinanceExchange' object has no attribute 'market_summary_for'
1755209765616,ERROR,-,'BinanceExchange' object has no attribute 'market_summary_for'
1755209765616,ERROR,-,'BinanceExchange' object has no attribute 'market_summary_for'
1755209766427,ERROR,-,'BinanceExchange' object has no attribute 'market_summary_for'
1755209766427,ERROR,-,'BinanceExchange' object has no attribute 'market_summary_for'
1755209767218,ERROR,-,'BinanceExchange' object has no attribute 'market_summary_for'
1755209767218,ERROR,-,'BinanceExchange' object has no attribute 'market_summary_for'
1755209768018,ERROR,-,'BinanceExchange' object has no attribute 'market_summary_for'
1755209768021,ERROR,-,'BinanceExchange' object has no attribute 'market_summary_for'
1755209768819,ERROR,-,'BinanceExchange' object has no attribute 'market_summary_for'
1755209768819,ERROR,-,'BinanceExchange' object has no attribute 'market_summary_for'
1755209769622,ERROR,-,'BinanceExchange' object has no attribute 'market_summary_for'
1755209769622,ERROR,-,'BinanceExchange' object has no attribute 'market_summary_for'
1755209770421,ERROR,-,'BinanceExchange' object has no attribute 'market_summary_for'
1755209770423,ERROR,-,'BinanceExchange' object has no attribute 'market_summary_for'
1755209771222,ERROR,-,'BinanceExchange' object has no attribute 'market_summary_for'
1755209771222,ERROR,-,'BinanceExchange' object has no attribute 'market_summary_for'
1755209772022,ERROR,-,'BinanceExchange' object has no attribute 'market_summary_for'
1755209772022,ERROR,-,'BinanceExchange' object has no attribute 'market_summary_for'
1755209772827,ERROR,-,'BinanceExchange' object has no attribute 'market_summary_for'
1755209772827,ERROR,-,'BinanceExchange' object has no attribute 'market_summary_for'
1755209773624,ERROR,-,'BinanceExchange' object has no attribute 'market_summary_for'
1755209773624,ERROR,-,'BinanceExchange' object has no attribute 'market_summary_for'
1755209774424,ERROR,-,'BinanceExchange' object has no attribute 'market_summary_for'
1755209774425,ERROR,-,'BinanceExchange' object has no attribute 'market_summary_for'
1755209775226,ERROR,-,'BinanceExchange' object has no attribute 'market_summary_for'
1755209775226,ERROR,-,'BinanceExchange' object has no attribute 'market_summary_for'
1755209776026,ERROR,-,'BinanceExchange' object has no attribute 'market_summary_for'
1755209776026,ERROR,-,'BinanceExchange' object has no attribute 'market_summary_for'
1755209776825,ERROR,-,'BinanceExchange' object has no attribute 'market_summary_for'
1755209776827,ERROR,-,'BinanceExchange' object has no attribute 'market_summary_for'
1755209777628,ERROR,-,'BinanceExchange' object has no attribute 'market_summary_for'
1755209777630,ERROR,-,'BinanceExchange' object has no attribute 'market_summary_for'
1755209778430,ERROR,-,'BinanceExchange' object has no attribute 'market_summary_for'
1755209778430,ERROR,-,'BinanceExchange' object has no attribute 'market_summary_for'
1755209779227,ERROR,-,'BinanceExchange' object has no attribute 'market_summary_for'
1755209779231,ERROR,-,'BinanceExchange' object has no attribute 'market_summary_for'
1755209780036,ERROR,-,'BinanceExchange' object has no attribute 'market_summary_for'
1755209780036,ERROR,-,'BinanceExchange' object has no attribute 'market_summary_for'
1755209780834,ERROR,-,'BinanceExchange' object has no attribute 'market_summary_for'
1755209780834,ERROR,-,'BinanceExchange' object has no attribute 'market_summary_for'
1755209781637,ERROR,-,'BinanceExchange' object has no attribute 'market_summary_for'
1755209781637,ERROR,-,'BinanceExchange' object has no attribute 'market_summary_for'
1755209782436,ERROR,-,'BinanceExchange' object has no attribute 'market_summary_for'
1755209782437,ERROR,-,'BinanceExchange' object has no attribute 'market_summary_for'
1755209783239,ERROR,-,'BinanceExchange' object has no attribute 'market_summary_for'
1755209783240,ERROR,-,'BinanceExchange' object has no attribute 'market_summary_for'
1755209784037,ERROR,-,'BinanceExchange' object has no attribute 'market_summary_for'
1755209784045,ERROR,-,'BinanceExchange' object has no attribute 'market_summary_for'
1755209784841,ERROR,-,'BinanceExchange' object has no attribute 'market_summary_for'
1755209784841,ERROR,-,'BinanceExchange' object has no attribute 'market_summary_for'
1755209785641,ERROR,-,'BinanceExchange' object has no attribute 'market_summary_for'
1755209785641,ERROR,-,'BinanceExchange' object has no attribute 'market_summary_for'
1755209786439,ERROR,-,'BinanceExchange' object has no attribute 'market_summary_for'
1755209786441,ERROR,-,'BinanceExchange' object has no attribute 'market_summary_for'
1755209787242,ERROR,-,'BinanceExchange' object has no attribute 'market_summary_for'
1755209787242,ERROR,-,'BinanceExchange' object has no attribute 'market_summary_for'
1755209788041,ERROR,-,'BinanceExchange' object has no attribute 'market_summary_for'
1755209788043,ERROR,-,'BinanceExchange' object has no attribute 'market_summary_for'
1755209788844,ERROR,-,'BinanceExchange' object has no attribute 'market_summary_for'
1755209788844,ERROR,-,'BinanceExchange' object has no attribute 'market_summary_for'
1755209789645,ERROR,-,'BinanceExchange' object has no attribute 'market_summary_for'
1755209789645,ERROR,-,'BinanceExchange' object has no attribute 'market_summary_for'
1755209790449,ERROR,-,'BinanceExchange' object has no attribute 'market_summary_for'
1755209790449,ERROR,-,'BinanceExchange' object has no attribute 'market_summary_for'
1755209791244,ERROR,-,'BinanceExchange' object has no attribute 'market_summary_for'
1755209791247,ERROR,-,'BinanceExchange' object has no attribute 'market_summary_for'
1755209792048,ERROR,-,'BinanceExchange' object has no attribute 'market_summary_for'
1755209792048,ERROR,-,'BinanceExchange' object has no attribute 'market_summary_for'
1755209792848,ERROR,-,'BinanceExchange' object has no attribute 'market_summary_for'
1755209792848,ERROR,-,'BinanceExchange' object has no attribute 'market_summary_for'
1755209793645,ERROR,-,'BinanceExchange' object has no attribute 'market_summary_for'
1755209793647,ERROR,-,'BinanceExchange' object has no attribute 'market_summary_for'
1755209794453,ERROR,-,'BinanceExchange' object has no attribute 'market_summary_for'
1755209794453,ERROR,-,'BinanceExchange' object has no attribute 'market_summary_for'
1755209795248,ERROR,-,'BinanceExchange' object has no attribute 'market_summary_for'
1755209795251,ERROR,-,'BinanceExchange' object has no attribute 'market_summary_for'
1755209796050,ERROR,-,'BinanceExchange' object has no attribute 'market_summary_for'
1755209796052,ERROR,-,'BinanceExchange' object has no attribute 'market_summary_for'
1755209796852,ERROR,-,'BinanceExchange' object has no attribute 'market_summary_for'
1755209796852,ERROR,-,'BinanceExchange' object has no attribute 'market_summary_for'
1755209797654,ERROR,-,'BinanceExchange' object has no attribute 'market_summary_for'
1755209797658,ERROR,-,'BinanceExchange' object has no attribute 'market_summary_for'
1755209798453,ERROR,-,'BinanceExchange' object has no attribute 'market_summary_for'
1755209798454,ERROR,-,'BinanceExchange' object has no attribute 'market_summary_for'
1755209799255,ERROR,-,'BinanceExchange' object has no attribute 'market_summary_for'
1755209799255,ERROR,-,'BinanceExchange' object has no attribute 'market_summary_for'
1755209800056,ERROR,-,'BinanceExchange' object has no attribute 'market_summary_for'
1755209800056,ERROR,-,'BinanceExchange' object has no attribute 'market_summary_for'
1755209800854,ERROR,-,'BinanceExchange' object has no attribute 'market_summary_for'
1755209800856,ERROR,-,'BinanceExchange' object has no attribute 'market_summary_for'
1755209801658,ERROR,-,'BinanceExchange' object has no attribute 'market_summary_for'
1755209801658,ERROR,-,'BinanceExchange' object has no attribute 'market_summary_for'
1755209802458,ERROR,-,'BinanceExchange' object has no attribute 'market_summary_for'
1755209802458,ERROR,-,'BinanceExchange' object has no attribute 'market_summary_for'
1755209803255,ERROR,-,'BinanceExchange' object has no attribute 'market_summary_for'
1755209803258,ERROR,-,'BinanceExchange' object has no attribute 'market_summary_for'
1755209804057,ERROR,-,'BinanceExchange' object has no attribute 'market_summary_for'
1755209804058,ERROR,-,'BinanceExchange' object has no attribute 'market_summary_for'
1755209804867,ERROR,-,'BinanceExchange' object has no attribute 'market_summary_for'
1755209804867,ERROR,-,'BinanceExchange' object has no attribute 'market_summary_for'
1755209805661,ERROR,-,'BinanceExchange' object has no attribute 'market_summary_for'
1755209805662,ERROR,-,'BinanceExchange' object has no attribute 'market_summary_for'
1755209806460,ERROR,-,'BinanceExchange' object has no attribute 'market_summary_for'
1755209806462,ERROR,-,'BinanceExchange' object has no attribute 'market_summary_for'
1755209807261,ERROR,-,'BinanceExchange' object has no attribute 'market_summary_for'
1755209807261,ERROR,-,'BinanceExchange' object has no attribute 'market_summary_for'
1755209808063,ERROR,-,'BinanceExchange' object has no attribute 'market_summary_for'
1755209808063,ERROR,-,'BinanceExchange' object has no attribute 'market_summary_for'
1755209808860,ERROR,-,'BinanceExchange' object has no attribute 'market_summary_for'
1755209808862,ERROR,-,'BinanceExchange' object has no attribute 'market_summary_for'
1755209809664,ERROR,-,'BinanceExchange' object has no attribute 'market_summary_for'
1755209809664,ERROR,-,'BinanceExchange' object has no attribute 'market_summary_for'
1755209810463,ERROR,-,'BinanceExchange' object has no attribute 'market_summary_for'
1755209810465,ERROR,-,'BinanceExchange' object has no attribute 'market_summary_for'
1755209811272,ERROR,-,'BinanceExchange' object has no attribute 'market_summary_for'
1755209811272,ERROR,-,'BinanceExchange' object has no attribute 'market_summary_for'
1755209812064,ERROR,-,'BinanceExchange' object has no attribute 'market_summary_for'
1755209812064,ERROR,-,'BinanceExchange' object has no attribute 'market_summary_for'
1755209812864,ERROR,-,'BinanceExchange' object has no attribute 'market_summary_for'
1755209812867,ERROR,-,'BinanceExchange' object has no attribute 'market_summary_for'
1755209813667,ERROR,-,'BinanceExchange' object has no attribute 'market_summary_for'
1755209813668,ERROR,-,'BinanceExchange' object has no attribute 'market_summary_for'
1755209814469,ERROR,-,'BinanceExchange' object has no attribute 'market_summary_for'
1755209814469,ERROR,-,'BinanceExchange' object has no attribute 'market_summary_for'
1755209815268,ERROR,-,'BinanceExchange' object has no attribute 'market_summary_for'
1755209815268,ERROR,-,'BinanceExchange' object has no attribute 'market_summary_for'
1755209816074,ERROR,-,'BinanceExchange' object has no attribute 'market_summary_for'
1755209816742,ERROR,-,'BinanceExchange' object has no attribute 'market_summary_for'
1755209817210,ERROR,-,'BinanceExchange' object has no attribute 'market_summary_for'
1755209818013,ERROR,-,'BinanceExchange' object has no attribute 'market_summary_for'
1755209818013,ERROR,-,'BinanceExchange' object has no attribute 'market_summary_for'
1755209818819,ERROR,-,'BinanceExchange' object has no attribute 'market_summary_for'
1755209818819,ERROR,-,'BinanceExchange' object has no attribute 'market_summary_for'
1755209819613,ERROR,-,'BinanceExchange' object has no attribute 'market_summary_for'
1755209819613,ERROR,-,'BinanceExchange' object has no attribute 'market_summary_for'
1755209820413,ERROR,-,'BinanceExchange' object has no attribute 'market_summary_for'
1755209820416,ERROR,-,'BinanceExchange' object has no attribute 'market_summary_for'
1755209821216,ERROR,-,'BinanceExchange' object has no attribute 'market_summary_for'
1755209821216,ERROR,-,'BinanceExchange' object has no attribute 'market_summary_for'
1755209822016,ERROR,-,'BinanceExchange' object has no attribute 'market_summary_for'
1755209822017,ERROR,-,'BinanceExchange' object has no attribute 'market_summary_for'
1755209822817,ERROR,-,'BinanceExchange' object has no attribute 'market_summary_for'
1755209822817,ERROR,-,'BinanceExchange' object has no attribute 'market_summary_for'
1755209823617,ERROR,-,'BinanceExchange' object has no attribute 'market_summary_for'
1755209823618,ERROR,-,'BinanceExchange' object has no attribute 'market_summary_for'
1755209824417,ERROR,-,'BinanceExchange' object has no attribute 'market_summary_for'
1755209824419,ERROR,-,'BinanceExchange' object has no attribute 'market_summary_for'
1755209825220,ERROR,-,'BinanceExchange' object has no attribute 'market_summary_for'
1755209825220,ERROR,-,'BinanceExchange' object has no attribute 'market_summary_for'
1755209826018,ERROR,-,'BinanceExchange' object has no attribute 'market_summary_for'
1755209826021,ERROR,-,'BinanceExchange' object has no attribute 'market_summary_for'
1755209826821,ERROR,-,'BinanceExchange' object has no attribute 'market_summary_for'
1755209826821,ERROR,-,'BinanceExchange' object has no attribute 'market_summary_for'
1755209827623,ERROR,-,'BinanceExchange' object has no attribute 'market_summary_for'
1755209827623,ERROR,-,'BinanceExchange' object has no attribute 'market_summary_for'
1755209828420,ERROR,-,'BinanceExchange' object has no attribute 'market_summary_for'
1755209828423,ERROR,-,'BinanceExchange' object has no attribute 'market_summary_for'
1755209829222,ERROR,-,'BinanceExchange' object has no attribute 'market_summary_for'
1755209829224,ERROR,-,'BinanceExchange' object has no attribute 'market_summary_for'
1755209830023,ERROR,-,'BinanceExchange' object has no attribute 'market_summary_for'
1755209830023,ERROR,-,'BinanceExchange' object has no attribute 'market_summary_for'
1755209830824,ERROR,-,'BinanceExchange' object has no attribute 'market_summary_for'
1755209830825,ERROR,-,'BinanceExchange' object has no attribute 'market_summary_for'
1755209831627,ERROR,-,'BinanceExchange' object has no attribute 'market_summary_for'
1755209831628,ERROR,-,'BinanceExchange' object has no attribute 'market_summary_for'
1755209832427,ERROR,-,'BinanceExchange' object has no attribute 'market_summary_for'
1755209832427,ERROR,-,'BinanceExchange' object has no attribute 'market_summary_for'
1755209833228,ERROR,-,'BinanceExchange' object has no attribute 'market_summary_for'
1755209833228,ERROR,-,'BinanceExchange' object has no attribute 'market_summary_for'
1755209834030,ERROR,-,'BinanceExchange' object has no attribute 'market_summary_for'
1755209834030,ERROR,-,'BinanceExchange' object has no attribute 'market_summary_for'
1755209834829,ERROR,-,'BinanceExchange' object has no attribute 'market_summary_for'
1755209834831,ERROR,-,'BinanceExchange' object has no attribute 'market_summary_for'
1755209835628,ERROR,-,'BinanceExchange' object has no attribute 'market_summary_for'
1755209835631,ERROR,-,'BinanceExchange' object has no attribute 'market_summary_for'
1755209836444,ERROR,-,'BinanceExchange' object has no attribute 'market_summary_for'
1755209836444,ERROR,-,'BinanceExchange' object has no attribute 'market_summary_for'
1755209837231,ERROR,-,'BinanceExchange' object has no attribute 'market_summary_for'
1755209837231,ERROR,-,'BinanceExchange' object has no attribute 'market_summary_for'
1755209838032,ERROR,-,'BinanceExchange' object has no attribute 'market_summary_for'
1755209838032,ERROR,-,'BinanceExchange' object has no attribute 'market_summary_for'
1755209838834,ERROR,-,'BinanceExchange' object has no attribute 'market_summary_for'
1755209838834,ERROR,-,'BinanceExchange' object has no attribute 'market_summary_for'
1755209839634,ERROR,-,'BinanceExchange' object has no attribute 'market_summary_for'
1755209839634,ERROR,-,'BinanceExchange' object has no attribute 'market_summary_for'
1755209840437,ERROR,-,'BinanceExchange' object has no attribute 'market_summary_for'
1755209840437,ERROR,-,'BinanceExchange' object has no attribute 'market_summary_for'
1755209841236,ERROR,-,'BinanceExchange' object has no attribute 'market_summary_for'
1755209841236,ERROR,-,'BinanceExchange' object has no attribute 'market_summary_for'
1755209842035,ERROR,-,'BinanceExchange' object has no attribute 'market_summary_for'
1755209842037,ERROR,-,'BinanceExchange' object has no attribute 'market_summary_for'
1755209842839,ERROR,-,'BinanceExchange' object has no attribute 'market_summary_for'
1755209842839,ERROR,-,'BinanceExchange' object has no attribute 'market_summary_for'
1755209843636,ERROR,-,'BinanceExchange' object has no attribute 'market_summary_for'
1755209843639,ERROR,-,'BinanceExchange' object has no attribute 'market_summary_for'
1755209844441,ERROR,-,'BinanceExchange' object has no attribute 'market_summary_for'
1755209844441,ERROR,-,'BinanceExchange' object has no attribute 'market_summary_for'
1755209845243,ERROR,-,'BinanceExchange' object has no attribute 'market_summary_for'
1755209845243,ERROR,-,'BinanceExchange' object has no attribute 'market_summary_for'
1755209846041,ERROR,-,'BinanceExchange' object has no attribute 'market_summary_for'
1755209846042,ERROR,-,'BinanceExchange' object has no attribute 'market_summary_for'
1755209846839,ERROR,-,'BinanceExchange' object has no attribute 'market_summary_for'
1755209846842,ERROR,-,'BinanceExchange' object has no attribute 'market_summary_for'
1755209847642,ERROR,-,'BinanceExchange' object has no attribute 'market_summary_for'
1755209847642,ERROR,-,'BinanceExchange' object has no attribute 'market_summary_for'
1755209848443,ERROR,-,'BinanceExchange' object has no attribute 'market_summary_for'
1755209848443,ERROR,-,'BinanceExchange' object has no attribute 'market_summary_for'
1755209849243,ERROR,-,'BinanceExchange' object has no attribute 'market_summary_for'
1755209849244,ERROR,-,'BinanceExchange' object has no attribute 'market_summary_for'
1755209850044,ERROR,-,'BinanceExchange' object has no attribute 'market_summary_for'
1755209850044,ERROR,-,'BinanceExchange' object has no attribute 'market_summary_for'
1755209850843,ERROR,-,'BinanceExchange' object has no attribute 'market_summary_for'
1755209850844,ERROR,-,'BinanceExchange' object has no attribute 'market_summary_for'
1755209851645,ERROR,-,'BinanceExchange' object has no attribute 'market_summary_for'
1755209851645,ERROR,-,'BinanceExchange' object has no attribute 'market_summary_for'
1755209852447,ERROR,-,'BinanceExchange' object has no attribute 'market_summary_for'
1755209852447,ERROR,-,'BinanceExchange' object has no attribute 'market_summary_for'
1755209853249,ERROR,-,'BinanceExchange' object has no attribute 'market_summary_for'
1755209853249,ERROR,-,'BinanceExchange' object has no attribute 'market_summary_for'
1755209854048,ERROR,-,'BinanceExchange' object has no attribute 'market_summary_for'
1755209854048,ERROR,-,'BinanceExchange' object has no attribute 'market_summary_for'
1755209854850,ERROR,-,'BinanceExchange' object has no attribute 'market_summary_for'
1755209854850,ERROR,-,'BinanceExchange' object has no attribute 'market_summary_for'
1755209855648,ERROR,-,'BinanceExchange' object has no attribute 'market_summary_for'
1755209855651,ERROR,-,'BinanceExchange' object has no attribute 'market_summary_for'
1755209856453,ERROR,-,'BinanceExchange' object has no attribute 'market_summary_for'
1755209856453,ERROR,-,'BinanceExchange' object has no attribute 'market_summary_for'
1755209857251,ERROR,-,'BinanceExchange' object has no attribute 'market_summary_for'
1755209857251,ERROR,-,'BinanceExchange' object has no attribute 'market_summary_for'
1755209858052,ERROR,-,'BinanceExchange' object has no attribute 'market_summary_for'
1755209858052,ERROR,-,'BinanceExchange' object has no attribute 'market_summary_for'
1755209858854,ERROR,-,'BinanceExchange' object has no attribute 'market_summary_for'
1755209858854,ERROR,-,'BinanceExchange' object has no attribute 'market_summary_for'
1755209859655,ERROR,-,'BinanceExchange' object has no attribute 'market_summary_for'
1755209859655,ERROR,-,'BinanceExchange' object has no attribute 'market_summary_for'
1755209860452,ERROR,-,'BinanceExchange' object has no attribute 'market_summary_for'
1755209860454,ERROR,-,'BinanceExchange' object has no attribute 'market_summary_for'
1755209861257,ERROR,-,'BinanceExchange' object has no attribute 'market_summary_for'
1755209861258,ERROR,-,'BinanceExchange' object has no attribute 'market_summary_for'
1755209862057,ERROR,-,'BinanceExchange' object has no attribute 'market_summary_for'
1755209862059,ERROR,-,'BinanceExchange' object has no attribute 'market_summary_for'
1755209862859,ERROR,-,'BinanceExchange' object has no attribute 'market_summary_for'
1755209862859,ERROR,-,'BinanceExchange' object has no attribute 'market_summary_for'
1755209863662,ERROR,-,'BinanceExchange' object has no attribute 'market_summary_for'
1755209863662,ERROR,-,'BinanceExchange' object has no attribute 'market_summary_for'
1755209864460,ERROR,-,'BinanceExchange' object has no attribute 'market_summary_for'
1755209864462,ERROR,-,'BinanceExchange' object has no attribute 'market_summary_for'
1755209865264,ERROR,-,'BinanceExchange' object has no attribute 'market_summary_for'
1755209865265,ERROR,-,'BinanceExchange' object has no attribute 'market_summary_for'
1755209866066,ERROR,-,'BinanceExchange' object has no attribute 'market_summary_for'
1755209866070,ERROR,-,'BinanceExchange' object has no attribute 'market_summary_for'
1755209866866,ERROR,-,'BinanceExchange' object has no attribute 'market_summary_for'
1755209866867,ERROR,-,'BinanceExchange' object has no attribute 'market_summary_for'
1755209867667,ERROR,-,'BinanceExchange' object has no attribute 'market_summary_for'
1755209867668,ERROR,-,'BinanceExchange' object has no attribute 'market_summary_for'
1755209868478,ERROR,-,'BinanceExchange' object has no attribute 'market_summary_for'
1755209868478,ERROR,-,'BinanceExchange' object has no attribute 'market_summary_for'
1755209869268,ERROR,-,'BinanceExchange' object has no attribute 'market_summary_for'
1755209869269,ERROR,-,'BinanceExchange' object has no attribute 'market_summary_for'
1755209870070,ERROR,-,'BinanceExchange' object has no attribute 'market_summary_for'
1755209870074,ERROR,-,'BinanceExchange' object has no attribute 'market_summary_for'
1755210279707,ERROR,-,name 'candidates' is not defined
1755210280974,ERROR,-,name 'candidates' is not defined
1755210282641,ERROR,-,name 'candidates' is not defined
1755210283888,ERROR,-,name 'candidates' is not defined
1755210285127,ERROR,-,name 'candidates' is not defined
1755210286371,ERROR,-,name 'candidates' is not defined
1755210287863,ERROR,-,name 'candidates' is not defined
1755210289100,ERROR,-,name 'candidates' is not defined
1755210290339,ERROR,-,name 'candidates' is not defined
1755210291578,ERROR,-,name 'candidates' is not defined
1755210292868,ERROR,-,name 'candidates' is not defined
1755210294144,ERROR,-,name 'candidates' is not defined
1755210295418,ERROR,-,name 'candidates' is not defined
1755210296703,ERROR,-,name 'candidates' is not defined
1755210298143,ERROR,-,name 'candidates' is not defined
1755210299432,ERROR,-,name 'candidates' is not defined
